Age,Income,Purchase_Frequency,Product_Category,Purchased
22,95039,17,Furniture,Yes
22,101029,10,Electronics,Yes
37,24055,19,Groceries,No
33,58170,2,Clothing,No
58,117944,16,Beauty,Yes
54,119976,11,Furniture,Yes
57,48251,9,Furniture,Maybe
26,24532,7,Clothing,No
22,24924,14,Clothing,No
59,68037,4,Clothing,Maybe
19,98082,3,Groceries,No
26,112115,19,Clothing,Yes
60,91621,18,Electronics,Yes
53,97926,3,Beauty,No
39,98816,14,Clothing,Yes
39,109654,16,Groceries,Yes
39,90400,11,Beauty,Yes
51,119525,2,Furniture,No
46,112385,9,Clothing,Yes
55,113102,14,Beauty,Yes
63,30702,9,Furniture,Maybe
50,35385,17,Groceries,Maybe
35,29336,0,Electronics,No
24,85421,2,Clothing,No
18,51225,11,Electronics,Yes
50,56021,0,Groceries,No
18,23782,2,Beauty,No
41,108877,2,Beauty,No
21,109630,4,Groceries,Maybe
21,69111,18,Groceries,Yes
35,109402,0,Clothing,No
44,104585,3,Furniture,No
60,62719,3,Electronics,No
49,116528,16,Electronics,Yes
50,69037,13,Beauty,Yes
45,100103,17,Beauty,Yes
59,23513,0,Clothing,No
58,33335,15,Groceries,Maybe
53,64140,2,Electronics,No
23,100373,8,Clothing,Yes
33,97658,3,Beauty,No
51,54840,4,Beauty,Maybe
40,51007,10,Electronics,Yes
59,76947,8,Beauty,Yes
41,113220,2,Beauty,No
30,46393,5,Furniture,Maybe
35,77480,10,Groceries,Yes
30,108290,8,Beauty,Yes
54,106335,14,Furniture,Yes
60,29107,2,Clothing,No
56,25993,0,Beauty,No
59,116341,19,Clothing,Yes
34,113650,18,Beauty,Yes
32,72066,13,Electronics,Yes
35,62942,16,Furniture,Yes
40,36138,13,Furniture,Maybe
47,64527,16,Electronics,Yes
51,29190,13,Groceries,No
21,112259,11,Furniture,Yes
20,98422,15,Clothing,Yes
24,75698,0,Furniture,No
35,102315,12,Groceries,Yes
59,113710,5,Clothing,Maybe
24,49086,16,Clothing,Maybe
57,37322,11,Electronics,Maybe
23,103569,18,Beauty,Yes
39,105610,5,Electronics,Maybe
18,23435,6,Beauty,No
21,73331,0,Electronics,No
63,48942,0,Beauty,No
60,79635,4,Furniture,Maybe
46,49059,5,Clothing,Maybe
38,77557,15,Beauty,Yes
43,72389,15,Furniture,Yes
31,73014,13,Groceries,Yes
26,52826,0,Electronics,No
64,50297,12,Groceries,Yes
29,63890,19,Furniture,Yes
59,41322,9,Groceries,Maybe
23,55739,9,Groceries,Yes
37,29719,8,Furniture,No
41,99553,12,Clothing,Yes
44,28314,2,Beauty,No
55,113831,17,Electronics,Yes
25,95164,19,Beauty,Yes
18,97028,1,Electronics,No
41,56113,16,Beauty,Yes
64,35357,18,Groceries,Maybe
24,118865,12,Clothing,Yes
36,40365,12,Groceries,Maybe
39,59029,0,Clothing,No
52,21737,1,Furniture,No
47,94632,0,Electronics,No
46,105474,4,Electronics,Maybe
39,98218,2,Furniture,No
28,47499,6,Beauty,Maybe
37,66157,12,Furniture,Yes
46,76247,17,Furniture,Yes
58,61034,6,Clothing,Yes
59,20294,0,Furniture,No
51,118072,4,Electronics,Maybe
18,44596,16,Groceries,Maybe
48,118185,7,Clothing,Yes
47,31434,14,Clothing,Maybe
35,78382,19,Beauty,Yes
34,58098,3,Groceries,No
55,24655,1,Clothing,No
31,103029,4,Furniture,Maybe
40,66228,0,Clothing,No
42,23771,4,Clothing,No
32,94099,5,Clothing,Maybe
63,76799,1,Beauty,No
39,82257,0,Clothing,No
20,37558,3,Clothing,No
36,119468,6,Beauty,Yes
61,78436,0,Groceries,No
51,112103,0,Electronics,No
52,52376,7,Beauty,Yes
18,107458,19,Beauty,Yes
38,97924,15,Clothing,Yes
46,49332,12,Clothing,Maybe
23,66737,17,Electronics,Yes
54,109031,19,Clothing,Yes
18,93970,9,Furniture,Yes
18,71952,11,Clothing,Yes
44,40991,0,Clothing,No
38,47472,9,Furniture,Maybe
33,79946,8,Electronics,Yes
61,46849,2,Furniture,No
57,21541,18,Beauty,No
43,22765,8,Furniture,No
33,63074,9,Groceries,Yes
45,49283,18,Beauty,Maybe
18,20769,15,Clothing,No
53,37806,17,Beauty,Maybe
27,110518,13,Electronics,Yes
60,22972,2,Electronics,No
34,38256,1,Furniture,No
40,38653,0,Beauty,No
24,106669,17,Clothing,Yes
61,59339,8,Electronics,Yes
24,45757,12,Clothing,Maybe
61,62399,1,Groceries,No
32,64013,6,Electronics,Yes
51,117605,15,Furniture,Yes
63,34706,18,Groceries,Maybe
62,58231,14,Beauty,Yes
21,47909,10,Clothing,Maybe
31,96631,0,Electronics,No
31,77572,6,Groceries,Yes
33,105879,19,Groceries,Yes
24,83767,7,Electronics,Yes
49,46469,9,Beauty,Maybe
36,21313,4,Beauty,No
19,27847,8,Furniture,No
27,70222,0,Beauty,No
34,94702,1,Furniture,No
54,29930,18,Groceries,No
29,23285,13,Electronics,No
23,55863,19,Beauty,Yes
39,36704,9,Furniture,Maybe
49,38705,8,Groceries,Maybe
58,20555,9,Beauty,No
37,41323,5,Clothing,Maybe
18,90968,16,Groceries,Yes
64,86922,5,Beauty,Maybe
23,73915,3,Groceries,No
36,30619,19,Electronics,Maybe
35,92390,2,Electronics,No
23,79274,18,Electronics,Yes
62,93173,17,Clothing,Yes
50,41225,3,Electronics,No
40,46739,7,Clothing,Maybe
40,67708,16,Electronics,Yes
43,73019,4,Groceries,Maybe
30,96154,12,Beauty,Yes
24,27373,0,Beauty,No
32,55281,12,Electronics,Yes
61,40187,3,Beauty,No
44,87863,13,Electronics,Yes
43,117927,2,Electronics,No
50,104085,4,Furniture,Maybe
32,59220,6,Furniture,Yes
53,27642,0,Furniture,No
62,99971,11,Clothing,Yes
44,75556,10,Furniture,Yes
22,53760,7,Electronics,Yes
19,58192,5,Groceries,Maybe
50,24381,1,Furniture,No
33,116583,18,Furniture,Yes
40,39558,19,Groceries,Maybe
55,50782,19,Electronics,Yes
33,24782,13,Clothing,No
31,111417,0,Furniture,No
46,74712,9,Groceries,Yes
43,114945,15,Electronics,Yes
52,39462,3,Beauty,No
32,80030,10,Clothing,Yes
20,88519,15,Groceries,Yes
40,76411,19,Groceries,Yes
46,75206,0,Groceries,No
51,117469,15,Furniture,Yes
50,66950,18,Beauty,Yes
58,22523,8,Clothing,No
58,80926,8,Electronics,Yes
40,29677,8,Electronics,No
24,95828,16,Beauty,Yes
20,35089,11,Groceries,Maybe
49,24581,12,Groceries,No
48,31907,7,Groceries,Maybe
35,25609,15,Groceries,No
60,71153,17,Groceries,Yes
24,70539,0,Beauty,No
58,64143,0,Furniture,No
18,42936,11,Clothing,Maybe
31,70182,5,Groceries,Maybe
49,119524,8,Furniture,Yes
23,115042,4,Electronics,Maybe
56,33163,15,Beauty,Maybe
27,79758,17,Furniture,Yes
24,66057,16,Groceries,Yes
43,32537,17,Groceries,Maybe
51,42419,0,Groceries,No
47,62578,18,Furniture,Yes
53,94991,7,Groceries,Yes
38,94599,2,Furniture,No
34,20834,4,Groceries,No
50,52214,7,Electronics,Yes
27,112934,18,Electronics,Yes
64,22413,17,Clothing,No
59,29505,17,Groceries,No
29,22105,0,Groceries,No
33,88104,14,Furniture,Yes
58,78408,17,Furniture,Yes
49,57679,6,Groceries,Yes
32,119096,15,Clothing,Yes
44,99731,15,Groceries,Yes
45,85131,14,Furniture,Yes
34,84280,5,Groceries,Maybe
63,35762,8,Furniture,Maybe
19,78703,6,Groceries,Yes
53,101434,13,Beauty,Yes
24,83079,10,Furniture,Yes
30,41577,15,Clothing,Maybe
32,21214,5,Beauty,No
42,106339,15,Groceries,Yes
40,68114,19,Furniture,Yes
39,109234,15,Beauty,Yes
43,83230,11,Clothing,Yes
50,52980,16,Furniture,Yes
28,87194,4,Beauty,Maybe
27,97806,12,Beauty,Yes
42,57792,7,Beauty,Yes
54,65807,4,Electronics,Maybe
60,42301,11,Groceries,Maybe
55,25141,8,Furniture,No
58,33777,2,Furniture,No
62,58346,2,Furniture,No
41,74703,0,Beauty,No
57,114977,17,Groceries,Yes
63,67819,11,Clothing,Yes
50,48469,8,Furniture,Maybe
34,23845,8,Groceries,No
41,43290,17,Groceries,Maybe
54,50699,17,Electronics,Yes
19,64252,6,Furniture,Yes
49,118682,3,Beauty,No
41,23293,12,Groceries,No
26,77089,16,Groceries,Yes
21,36608,1,Clothing,No
34,86273,13,Electronics,Yes
34,36619,2,Groceries,No
47,98006,4,Groceries,Maybe
57,107908,13,Beauty,Yes
28,101653,2,Beauty,No
38,34779,6,Clothing,Maybe
38,71040,17,Clothing,Yes
35,114830,12,Clothing,Yes
46,76325,9,Beauty,Yes
41,41630,12,Beauty,Maybe
27,32178,15,Electronics,Maybe
62,39935,8,Furniture,Maybe
34,67258,1,Furniture,No
35,42784,4,Electronics,Maybe
59,83722,16,Furniture,Yes
37,43027,3,Beauty,No
54,116544,16,Furniture,Yes
62,77853,8,Beauty,Yes
35,87359,19,Electronics,Yes
34,92388,1,Clothing,No
26,98608,17,Electronics,Yes
31,96669,10,Furniture,Yes
46,35111,12,Beauty,Maybe
48,52312,7,Furniture,Yes
21,44161,0,Furniture,No
35,87313,16,Clothing,Yes
37,70374,11,Furniture,Yes
64,44014,3,Clothing,No
60,100308,12,Beauty,Yes
61,66389,8,Beauty,Yes
26,38161,6,Clothing,Maybe
30,27490,4,Electronics,No
32,44502,4,Beauty,Maybe
44,55757,16,Electronics,Yes
32,61111,8,Beauty,Yes
45,118273,5,Beauty,Maybe
54,103245,18,Groceries,Yes
36,78645,15,Furniture,Yes
43,79055,1,Furniture,No
43,28998,9,Electronics,No
42,48906,15,Furniture,Maybe
43,90192,4,Electronics,Maybe
43,70477,14,Beauty,Yes
63,56901,12,Groceries,Yes
45,111271,12,Groceries,Yes
35,72021,12,Beauty,Yes
49,49092,14,Clothing,Maybe
20,21242,13,Clothing,No
19,21831,7,Furniture,No
50,70721,10,Electronics,Yes
59,48511,17,Groceries,Maybe
36,92782,3,Furniture,No
34,117003,9,Beauty,Yes
61,38302,0,Groceries,No
50,75568,4,Electronics,Maybe
29,23232,12,Electronics,No
20,71507,0,Clothing,No
60,96508,7,Furniture,Yes
43,30683,2,Beauty,No
52,43664,2,Groceries,No
25,53172,6,Electronics,Yes
53,103641,3,Groceries,No
24,84340,2,Beauty,No
63,107236,14,Groceries,Yes
63,31017,7,Furniture,Maybe
53,56613,2,Clothing,No
33,106130,6,Groceries,Yes
41,96920,17,Clothing,Yes
18,50348,10,Beauty,Yes
42,36448,10,Clothing,Maybe
27,29491,16,Groceries,No
33,98648,5,Groceries,Maybe
33,116557,7,Electronics,Yes
25,78759,0,Groceries,No
46,64553,9,Clothing,Yes
56,20968,18,Electronics,No
45,20368,2,Groceries,No
23,93960,3,Groceries,No
33,55010,10,Beauty,Yes
37,74154,14,Electronics,Yes
33,55851,0,Beauty,No
24,45496,8,Beauty,Maybe
58,50936,10,Beauty,Yes
31,98858,18,Furniture,Yes
60,87005,12,Beauty,Yes
43,57493,15,Clothing,Yes
43,89795,3,Groceries,No
31,56390,0,Furniture,No
24,30292,19,Beauty,Maybe
50,112377,12,Groceries,Yes
43,48365,0,Electronics,No
62,37207,4,Electronics,Maybe
37,42912,4,Groceries,Maybe
20,100771,13,Clothing,Yes
21,76572,13,Groceries,Yes
43,119083,7,Groceries,Yes
28,39276,3,Furniture,No
19,117459,6,Electronics,Yes
31,25534,19,Electronics,No
61,112005,18,Beauty,Yes
47,55670,14,Groceries,Yes
29,82147,3,Groceries,No
43,118099,18,Clothing,Yes
61,56486,8,Electronics,Yes
50,85557,12,Clothing,Yes
30,54268,13,Furniture,Yes
31,101335,13,Beauty,Yes
41,46336,9,Clothing,Maybe
51,23641,15,Electronics,No
61,107132,4,Furniture,Maybe
43,52959,5,Groceries,Maybe
38,33306,1,Furniture,No
45,66182,12,Clothing,Yes
53,94123,12,Electronics,Yes
57,76326,18,Clothing,Yes
19,116895,17,Groceries,Yes
59,41498,18,Groceries,Maybe
26,90198,0,Electronics,No
40,47197,7,Beauty,Maybe
32,40719,15,Furniture,Maybe
30,110201,1,Furniture,No
40,45032,7,Groceries,Maybe
34,79624,5,Clothing,Maybe
19,98177,15,Clothing,Yes
37,61964,10,Beauty,Yes
37,50028,16,Clothing,Yes
63,74646,18,Furniture,Yes
20,101187,10,Clothing,Yes
29,28536,7,Beauty,No
57,76747,3,Furniture,No
19,65712,10,Clothing,Yes
53,26273,7,Furniture,No
31,91820,8,Groceries,Yes
33,111228,1,Groceries,No
36,94353,15,Groceries,Yes
51,114491,5,Clothing,Maybe
61,112091,18,Beauty,Yes
63,105914,7,Furniture,Yes
23,70830,13,Electronics,Yes
30,37127,15,Groceries,Maybe
53,103488,11,Groceries,Yes
39,31539,4,Electronics,Maybe
35,66761,18,Electronics,Yes
29,66219,17,Clothing,Yes
47,34692,8,Furniture,Maybe
57,103656,1,Groceries,No
24,33334,19,Beauty,Maybe
49,48615,11,Clothing,Maybe
36,27903,1,Clothing,No
23,48527,9,Beauty,Maybe
37,35629,0,Beauty,No
44,78008,3,Beauty,No
60,103276,11,Electronics,Yes
54,119318,8,Groceries,Yes
24,46708,3,Electronics,No
22,30860,8,Groceries,Maybe
28,37438,5,Electronics,Maybe
32,87300,0,Furniture,No
20,91545,9,Groceries,Yes
22,40842,13,Clothing,Maybe
40,80213,17,Groceries,Yes
54,62372,5,Groceries,Maybe
26,118971,17,Groceries,Yes
32,88906,19,Furniture,Yes
20,58744,15,Electronics,Yes
46,77442,14,Clothing,Yes
23,105990,15,Electronics,Yes
34,23650,7,Electronics,No
43,65117,12,Beauty,Yes
38,111244,10,Furniture,Yes
25,72772,6,Beauty,Yes
38,23190,16,Furniture,No
28,68113,17,Electronics,Yes
55,28789,18,Electronics,No
25,52125,12,Furniture,Yes
59,118695,14,Electronics,Yes
41,37459,0,Electronics,No
52,55418,15,Clothing,Yes
31,67085,4,Beauty,Maybe
31,38768,2,Beauty,No
27,69961,9,Beauty,Yes
29,101099,18,Groceries,Yes
55,47885,4,Clothing,Maybe
61,107421,6,Beauty,Yes
63,81082,13,Beauty,Yes
51,26895,2,Clothing,No
58,70311,12,Electronics,Yes
27,109494,12,Beauty,Yes
34,87067,9,Electronics,Yes
34,91017,1,Beauty,No
20,43932,5,Furniture,Maybe
48,41360,7,Groceries,Maybe
18,74847,3,Beauty,No
29,110365,11,Furniture,Yes
56,105468,14,Clothing,Yes
21,58931,7,Furniture,Yes
59,75823,6,Clothing,Yes
30,58032,13,Beauty,Yes
51,101426,18,Clothing,Yes
59,38807,13,Furniture,Maybe
38,31767,12,Groceries,Maybe
39,28071,0,Electronics,No
21,73413,18,Electronics,Yes
35,46149,0,Groceries,No
22,35540,3,Electronics,No
36,90248,9,Beauty,Yes
19,111737,2,Beauty,No
29,105435,19,Furniture,Yes
34,39787,8,Furniture,Maybe
27,40982,2,Clothing,No
51,42606,5,Furniture,Maybe
23,30150,5,Beauty,Maybe
25,105929,11,Furniture,Yes
28,66936,0,Electronics,No
29,113286,15,Clothing,Yes
26,28593,4,Clothing,No
19,37358,8,Beauty,Maybe
25,102143,9,Furniture,Yes
28,57381,12,Electronics,Yes
53,110347,14,Furniture,Yes
27,48074,11,Groceries,Maybe
38,40595,4,Furniture,Maybe
37,64194,4,Beauty,Maybe
25,69377,17,Furniture,Yes
53,46853,11,Clothing,Maybe
46,93719,2,Electronics,No
59,40661,6,Beauty,Maybe
29,70493,16,Groceries,Yes
31,56495,18,Electronics,Yes
38,33703,17,Electronics,Maybe
39,73080,0,Clothing,No
38,50815,4,Clothing,Maybe
61,49565,1,Clothing,No
47,83321,0,Beauty,No
56,78453,6,Furniture,Yes
37,108478,10,Electronics,Yes
41,53161,10,Furniture,Yes
40,75991,17,Furniture,Yes
24,29716,16,Clothing,No
26,53349,1,Furniture,No
18,67098,6,Electronics,Yes
43,20132,6,Electronics,No
55,71990,9,Groceries,Yes
55,88921,2,Beauty,No
61,56538,11,Furniture,Yes
39,119279,2,Beauty,No
61,27213,10,Beauty,No
27,64223,11,Beauty,Yes
23,111655,3,Beauty,No
34,88371,15,Electronics,Yes
55,88274,19,Furniture,Yes
41,24134,17,Groceries,No
27,111428,3,Beauty,No
25,59601,5,Groceries,Maybe
38,93889,14,Electronics,Yes
23,35690,0,Electronics,No
38,21909,2,Clothing,No
56,111239,4,Beauty,Maybe
41,100032,16,Clothing,Yes
50,32062,13,Groceries,Maybe
35,95386,8,Furniture,Yes
45,113237,2,Clothing,No
49,54731,12,Electronics,Yes
29,25153,2,Beauty,No
59,30481,10,Groceries,Maybe
44,119270,1,Electronics,No
27,86425,14,Furniture,Yes
63,83600,12,Beauty,Yes
59,104981,18,Furniture,Yes
49,91997,15,Furniture,Yes
59,48205,17,Beauty,Maybe
43,108887,6,Beauty,Yes
42,101542,12,Furniture,Yes
28,64149,3,Groceries,No
40,69112,8,Beauty,Yes
51,30940,9,Electronics,Maybe
57,79010,8,Clothing,Yes
40,96794,6,Groceries,Yes
46,44485,14,Beauty,Maybe
48,109299,7,Beauty,Yes
24,21067,18,Groceries,No
57,40607,10,Clothing,Maybe
50,81597,4,Furniture,Maybe
38,94554,1,Electronics,No
19,68521,9,Beauty,Yes
35,35187,15,Clothing,Maybe
64,23985,12,Electronics,No
50,63052,7,Groceries,Yes
54,39563,8,Beauty,Maybe
51,67322,10,Furniture,Yes
37,81245,10,Groceries,Yes
52,71514,15,Beauty,Yes
35,38608,9,Clothing,Maybe
63,87262,11,Electronics,Yes
41,112118,5,Electronics,Maybe
25,91327,11,Beauty,Yes
47,77225,9,Groceries,Yes
61,93994,17,Furniture,Yes
27,37221,17,Clothing,Maybe
40,68506,3,Beauty,No
28,40968,8,Clothing,Maybe
19,102606,6,Electronics,Yes
43,47937,17,Furniture,Maybe
53,82435,7,Clothing,Yes
50,69508,10,Beauty,Yes
64,61831,6,Furniture,Yes
30,62933,8,Groceries,Yes
57,67307,7,Beauty,Yes
42,68340,2,Clothing,No
21,106338,16,Furniture,Yes
59,63601,1,Beauty,No
36,95956,14,Furniture,Yes
35,92178,13,Furniture,Yes
54,105311,17,Furniture,Yes
47,48754,15,Clothing,Maybe
36,63310,19,Beauty,Yes
40,89893,3,Electronics,No
33,106799,19,Electronics,Yes
18,68367,5,Clothing,Maybe
29,33201,5,Clothing,Maybe
41,22739,10,Furniture,No
51,33231,16,Beauty,Maybe
25,62495,2,Beauty,No
35,41168,12,Groceries,Maybe
22,52624,2,Groceries,No
43,30635,15,Electronics,Maybe
47,29964,14,Groceries,No
30,47785,10,Groceries,Maybe
36,115046,17,Electronics,Yes
46,102797,14,Electronics,Yes
20,104790,4,Groceries,Maybe
43,96928,15,Beauty,Yes
57,32336,15,Groceries,Maybe
29,97475,16,Furniture,Yes
19,47412,8,Furniture,Maybe
28,102212,2,Furniture,No
61,95379,19,Clothing,Yes
45,65591,12,Furniture,Yes
35,81750,2,Beauty,No
30,110648,6,Clothing,Yes
54,116134,5,Clothing,Maybe
39,55454,8,Furniture,Yes
29,118537,11,Groceries,Yes
19,82672,14,Electronics,Yes
54,47228,19,Groceries,Maybe
24,34429,2,Groceries,No
43,104294,9,Clothing,Yes
43,87808,0,Clothing,No
41,102886,18,Clothing,Yes
29,73015,18,Beauty,Yes
33,108074,12,Beauty,Yes
40,88936,11,Electronics,Yes
57,100907,0,Clothing,No
26,77378,18,Furniture,Yes
49,57310,15,Clothing,Yes
32,103683,14,Beauty,Yes
54,88827,15,Clothing,Yes
30,55256,10,Beauty,Yes
22,96428,5,Clothing,Maybe
28,119862,10,Furniture,Yes
27,58889,2,Electronics,No
30,71428,14,Furniture,Yes
58,57207,0,Beauty,No
63,70255,6,Groceries,Yes
32,111531,0,Furniture,No
59,25409,16,Clothing,No
24,62438,8,Electronics,Yes
57,115359,12,Clothing,Yes
45,27869,10,Clothing,No
49,76862,19,Furniture,Yes
52,107937,5,Electronics,Maybe
32,45958,0,Groceries,No
53,96302,6,Clothing,Yes
38,39768,11,Electronics,Maybe
23,116330,19,Groceries,Yes
18,46145,18,Clothing,Maybe
21,95622,16,Electronics,Yes
28,46442,3,Furniture,No
61,101948,2,Clothing,No
43,45596,0,Clothing,No
54,95791,17,Electronics,Yes
40,62406,14,Clothing,Yes
46,60524,7,Groceries,Yes
38,43332,0,Clothing,No
62,35764,19,Beauty,Maybe
62,47563,13,Groceries,Maybe
44,107675,3,Electronics,No
56,56370,4,Groceries,Maybe
57,25062,12,Beauty,No
30,64645,14,Beauty,Yes
40,27244,5,Clothing,No
33,26372,0,Clothing,No
47,105501,18,Furniture,Yes
21,84471,12,Groceries,Yes
57,36956,5,Furniture,Maybe
33,60473,14,Beauty,Yes
48,33894,15,Clothing,Maybe
59,118918,15,Clothing,Yes
42,89586,9,Clothing,Yes
61,36709,8,Electronics,Maybe
29,101258,8,Beauty,Yes
43,35210,16,Clothing,Maybe
54,69510,16,Beauty,Yes
50,58674,16,Clothing,Yes
45,37733,11,Groceries,Maybe
26,40080,12,Beauty,Maybe
29,73412,11,Furniture,Yes
22,78971,13,Electronics,Yes
45,59709,9,Furniture,Yes
52,79846,18,Beauty,Yes
22,85480,1,Clothing,No
51,72960,3,Beauty,No
63,61152,18,Electronics,Yes
51,47250,6,Beauty,Maybe
30,105765,14,Clothing,Yes
56,68137,14,Furniture,Yes
59,102011,5,Groceries,Maybe
62,66412,2,Furniture,No
31,63876,5,Clothing,Maybe
28,114547,15,Clothing,Yes
59,93664,1,Electronics,No
55,70227,6,Beauty,Yes
21,52450,10,Beauty,Yes
50,104433,6,Furniture,Yes
24,93704,3,Groceries,No
58,26861,19,Groceries,No
25,81914,6,Electronics,Yes
54,83888,3,Clothing,No
27,99286,11,Electronics,Yes
60,81293,4,Beauty,Maybe
32,102524,18,Clothing,Yes
55,88515,4,Electronics,Maybe
32,43524,18,Furniture,Maybe
22,27065,2,Beauty,No
46,57684,10,Groceries,Yes
36,108720,6,Electronics,Yes
27,53365,16,Beauty,Yes
29,78876,8,Beauty,Yes
21,43704,8,Groceries,Maybe
48,77857,9,Groceries,Yes
35,25622,12,Groceries,No
33,103797,14,Electronics,Yes
57,113955,4,Groceries,Maybe
53,111141,2,Furniture,No
42,114707,7,Beauty,Yes
40,107700,19,Groceries,Yes
29,99332,9,Beauty,Yes
51,116856,12,Clothing,Yes
53,86201,2,Clothing,No
54,52694,7,Groceries,Yes
20,109766,8,Beauty,Yes
26,42995,11,Clothing,Maybe
35,112320,10,Groceries,Yes
60,100141,1,Beauty,No
52,102999,17,Groceries,Yes
51,28419,8,Beauty,No
58,67952,1,Clothing,No
31,53837,1,Groceries,No
21,90799,2,Clothing,No
46,68877,15,Groceries,Yes
58,65687,18,Electronics,Yes
62,119667,3,Clothing,No
32,57276,17,Clothing,Yes
45,54523,19,Furniture,Yes
59,86055,17,Clothing,Yes
33,74615,9,Beauty,Yes
29,116642,10,Groceries,Yes
22,30514,16,Electronics,Maybe
51,67456,19,Beauty,Yes
59,27233,15,Beauty,No
18,21102,19,Beauty,No
56,86133,12,Beauty,Yes
49,66715,1,Electronics,No
43,105193,1,Furniture,No
34,26256,13,Clothing,No
44,84800,3,Beauty,No
41,114937,16,Clothing,Yes
52,61548,12,Clothing,Yes
63,92090,3,Beauty,No
59,98200,2,Furniture,No
56,62367,11,Clothing,Yes
43,109922,7,Groceries,Yes
55,90382,1,Clothing,No
40,46205,5,Beauty,Maybe
39,45570,9,Electronics,Maybe
21,50255,11,Clothing,Yes
26,41182,9,Furniture,Maybe
21,59373,9,Groceries,Yes
24,63019,2,Groceries,No
40,82619,19,Electronics,Yes
19,36043,9,Electronics,Maybe
41,65532,8,Clothing,Yes
57,85936,19,Beauty,Yes
48,39239,18,Furniture,Maybe
64,30416,13,Groceries,Maybe
48,23412,1,Electronics,No
64,101976,4,Furniture,Maybe
57,44406,19,Beauty,Maybe
60,21875,7,Groceries,No
51,57066,6,Groceries,Yes
41,25752,5,Beauty,No
43,106753,10,Groceries,Yes
33,98025,11,Beauty,Yes
64,21353,17,Groceries,No
30,46986,18,Clothing,Maybe
32,106907,9,Beauty,Yes
44,34691,13,Furniture,Maybe
21,89847,2,Clothing,No
33,68075,17,Furniture,Yes
47,30794,14,Groceries,Maybe
61,88470,5,Furniture,Maybe
47,36406,9,Clothing,Maybe
53,95930,11,Beauty,Yes
20,46872,6,Electronics,Maybe
39,61708,16,Furniture,Yes
39,40800,0,Electronics,No
29,63397,17,Furniture,Yes
38,57909,14,Furniture,Yes
21,41352,18,Beauty,Maybe
48,113848,0,Groceries,No
61,35438,4,Clothing,Maybe
48,108921,14,Clothing,Yes
40,64999,2,Clothing,No
37,38482,0,Groceries,No
32,52471,7,Electronics,Yes
40,67279,11,Clothing,Yes
45,74213,18,Electronics,Yes
33,33026,11,Groceries,Maybe
54,105184,12,Groceries,Yes
38,25435,0,Beauty,No
32,28493,18,Clothing,No
34,92227,5,Beauty,Maybe
54,79321,7,Clothing,Yes
30,22763,3,Groceries,No
36,40389,4,Groceries,Maybe
47,51498,6,Furniture,Yes
62,83755,3,Furniture,No
35,55825,19,Groceries,Yes
31,36934,3,Groceries,No
53,25574,14,Electronics,No
53,58179,4,Electronics,Maybe
37,21587,8,Beauty,No
36,62782,1,Furniture,No
62,74412,6,Furniture,Yes
61,80561,16,Groceries,Yes
24,97224,15,Groceries,Yes
61,24409,16,Beauty,No
21,91319,19,Furniture,Yes
51,119016,1,Electronics,No
19,46751,10,Clothing,Maybe
22,58174,1,Beauty,No
27,76572,0,Clothing,No
49,81416,1,Electronics,No
59,32041,8,Electronics,Maybe
58,43227,1,Clothing,No
30,55201,14,Beauty,Yes
56,56069,9,Clothing,Yes
22,102190,14,Beauty,Yes
27,46370,9,Beauty,Maybe
27,115018,16,Groceries,Yes
55,31586,8,Furniture,Maybe
44,70231,17,Furniture,Yes
38,25322,3,Electronics,No
25,85294,8,Groceries,Yes
18,99468,15,Furniture,Yes
45,49299,3,Beauty,No
56,110715,15,Beauty,Yes
31,90793,18,Clothing,Yes
38,66501,0,Clothing,No
47,77134,5,Beauty,Maybe
38,29777,9,Beauty,No
26,31249,15,Clothing,Maybe
34,41390,3,Furniture,No
22,40369,12,Electronics,Maybe
48,32881,15,Clothing,Maybe
57,29587,19,Furniture,No
55,113800,5,Furniture,Maybe
60,94327,10,Furniture,Yes
36,107911,2,Groceries,No
53,108147,19,Groceries,Yes
50,27833,9,Furniture,No
30,67013,0,Beauty,No
31,83620,19,Groceries,Yes
50,35754,10,Clothing,Maybe
46,98113,11,Groceries,Yes
60,116631,13,Beauty,Yes
53,106784,7,Electronics,Yes
61,55282,10,Groceries,Yes
27,56737,3,Furniture,No
48,117427,6,Furniture,Yes
23,44124,9,Furniture,Maybe
18,90102,18,Electronics,Yes
24,22196,3,Beauty,No
44,81527,1,Clothing,No
38,116651,17,Beauty,Yes
45,105395,13,Electronics,Yes
33,31345,15,Furniture,Maybe
63,54077,10,Beauty,Yes
40,86400,9,Clothing,Yes
37,32055,16,Furniture,Maybe
55,105283,13,Clothing,Yes
42,64484,3,Groceries,No
45,97514,18,Clothing,Yes
22,110135,1,Furniture,No
38,55771,6,Groceries,Yes
35,77654,8,Furniture,Yes
64,66540,18,Furniture,Yes
23,103151,15,Groceries,Yes
46,49377,15,Clothing,Maybe
36,115567,17,Electronics,Yes
50,69573,10,Electronics,Yes
18,62733,6,Electronics,Yes
62,31760,8,Electronics,Maybe
20,119250,3,Beauty,No
59,45762,12,Electronics,Maybe
38,70986,3,Groceries,No
52,54332,18,Electronics,Yes
58,60100,1,Furniture,No
57,24944,8,Electronics,No
20,68825,11,Clothing,Yes
42,33877,1,Groceries,No
62,49990,5,Groceries,Maybe
55,119612,4,Beauty,Maybe
62,75283,4,Furniture,Maybe
37,23258,19,Groceries,No
61,51629,4,Clothing,Maybe
62,57579,3,Electronics,No
51,42958,8,Groceries,Maybe
38,59465,9,Clothing,Yes
40,105853,15,Electronics,Yes
23,35775,9,Beauty,Maybe
30,96575,9,Groceries,Yes
40,114633,18,Groceries,Yes
26,54207,9,Clothing,Yes
34,42553,5,Furniture,Maybe
19,73632,16,Beauty,Yes
36,20055,4,Furniture,No
36,108697,5,Groceries,Maybe
24,52873,14,Furniture,Yes
59,100720,18,Electronics,Yes
59,86205,17,Beauty,Yes
37,98199,3,Furniture,No
26,45318,7,Electronics,Maybe
34,53734,15,Clothing,Yes
44,102227,18,Furniture,Yes
64,38522,19,Beauty,Maybe
19,31656,2,Electronics,No
53,35893,9,Furniture,Maybe
36,36493,1,Clothing,No
34,23632,3,Furniture,No
22,115872,5,Electronics,Maybe
56,108648,10,Furniture,Yes
35,81779,13,Beauty,Yes
24,58452,15,Groceries,Yes
34,33266,18,Electronics,Maybe
56,81607,1,Electronics,No
53,36940,16,Electronics,Maybe
57,44003,8,Electronics,Maybe
62,118408,16,Furniture,Yes
21,54815,14,Beauty,Yes
55,50869,6,Clothing,Yes
42,69297,18,Beauty,Yes
22,80107,2,Electronics,No
47,102793,0,Furniture,No
29,36682,3,Furniture,No
21,39622,17,Electronics,Maybe
41,50408,7,Furniture,Yes
46,28837,18,Electronics,No
26,84210,5,Beauty,Maybe
21,35407,0,Groceries,No
41,49309,7,Furniture,Maybe
31,91918,0,Electronics,No
22,113190,18,Electronics,Yes
35,38895,10,Furniture,Maybe
59,119087,14,Clothing,Yes
36,106912,10,Electronics,Yes
29,20370,18,Furniture,No
35,20486,9,Electronics,No
34,43762,11,Clothing,Maybe
47,46613,0,Groceries,No
41,23196,6,Clothing,No
28,114937,16,Beauty,Yes
52,96349,9,Furniture,Yes
40,84839,5,Clothing,Maybe
34,61916,16,Groceries,Yes
18,28572,17,Electronics,No
32,48225,4,Furniture,Maybe
49,65853,17,Clothing,Yes
26,69390,16,Groceries,Yes
32,52275,15,Clothing,Yes
45,92379,7,Beauty,Yes
41,21105,12,Furniture,No
52,79896,15,Electronics,Yes
39,63209,10,Groceries,Yes
44,117175,5,Clothing,Maybe
36,62487,2,Furniture,No
62,38051,0,Clothing,No
29,114244,17,Furniture,Yes
37,97400,4,Beauty,Maybe
18,86961,12,Clothing,Yes
38,80156,9,Beauty,Yes
62,77175,4,Groceries,Maybe
18,26849,13,Beauty,No
27,38976,16,Furniture,Maybe
64,119794,0,Groceries,No
49,76866,1,Clothing,No
56,67078,6,Clothing,Yes
39,51113,9,Furniture,Yes
35,35401,19,Electronics,Maybe
63,32884,6,Electronics,Maybe
49,104360,15,Clothing,Yes
44,57563,4,Furniture,Maybe
45,54414,11,Electronics,Yes
35,36142,16,Beauty,Maybe
56,91492,15,Clothing,Yes
46,99464,19,Beauty,Yes
35,95257,15,Furniture,Yes
61,96693,18,Beauty,Yes
25,55135,14,Electronics,Yes
48,92232,11,Electronics,Yes
51,47862,9,Groceries,Maybe
24,25190,1,Clothing,No
53,90199,6,Furniture,Yes
35,24331,12,Clothing,No
55,72186,2,Beauty,No
26,64648,14,Furniture,Yes
26,48549,0,Furniture,No
63,101782,2,Electronics,No
25,45761,9,Beauty,Maybe
52,23262,14,Electronics,No
35,71259,5,Electronics,Maybe
22,92572,19,Groceries,Yes
31,73472,14,Electronics,Yes
45,107858,6,Clothing,Yes
47,104667,4,Furniture,Maybe
21,24677,3,Electronics,No
56,93508,17,Clothing,Yes
37,100865,2,Beauty,No
42,70617,16,Furniture,Yes
45,106029,17,Beauty,Yes
29,38595,17,Clothing,Maybe
19,107459,1,Beauty,No
60,80148,12,Beauty,Yes
31,66926,14,Beauty,Yes
39,95271,4,Electronics,Maybe
48,54457,2,Electronics,No
40,62531,4,Electronics,Maybe
37,93263,4,Furniture,Maybe
55,93300,4,Clothing,Maybe
21,83171,2,Electronics,No
32,65771,2,Beauty,No
41,113135,19,Beauty,Yes
42,86354,17,Beauty,Yes
18,57289,19,Beauty,Yes
24,53892,3,Groceries,No
48,91196,0,Furniture,No
29,115057,15,Clothing,Yes
59,58409,7,Clothing,Yes
22,54470,16,Electronics,Yes
61,38385,7,Groceries,Maybe
59,43296,6,Clothing,Maybe
55,81716,7,Furniture,Yes
29,109152,11,Beauty,Yes
56,46382,15,Electronics,Maybe
35,96675,11,Furniture,Yes
19,117596,18,Clothing,Yes
27,42419,9,Groceries,Maybe
32,113321,6,Electronics,Yes
47,101238,11,Clothing,Yes
61,114753,19,Electronics,Yes
34,59291,4,Clothing,Maybe
21,32397,15,Beauty,Maybe
24,77888,8,Groceries,Yes
58,55169,6,Beauty,Yes
48,82182,19,Clothing,Yes
56,112476,13,Furniture,Yes
51,62249,10,Beauty,Yes
23,48341,6,Furniture,Maybe
55,95603,9,Clothing,Yes
62,66144,8,Groceries,Yes
51,81772,3,Furniture,No
61,99360,15,Clothing,Yes
32,33444,9,Furniture,Maybe
31,65647,18,Beauty,Yes
23,118843,16,Clothing,Yes
54,30974,8,Beauty,Maybe
49,58383,12,Electronics,Yes
20,114826,0,Clothing,No
20,101552,1,Furniture,No
39,117648,12,Electronics,Yes
39,114049,8,Beauty,Yes
27,22956,6,Beauty,No
20,28077,15,Furniture,No
29,56490,18,Electronics,Yes
46,75612,6,Groceries,Yes
34,56159,5,Furniture,Maybe
24,59710,17,Beauty,Yes
30,103536,18,Clothing,Yes
19,33806,10,Electronics,Maybe
21,98345,11,Groceries,Yes
27,100391,9,Clothing,Yes
56,114924,12,Electronics,Yes
41,26458,11,Furniture,No
34,55524,9,Furniture,Yes
23,26853,19,Electronics,No
36,60477,17,Groceries,Yes
22,52222,3,Electronics,No
49,38320,4,Clothing,Maybe
27,114154,4,Clothing,Maybe
26,72243,11,Furniture,Yes
44,65615,2,Electronics,No
30,37352,7,Furniture,Maybe
36,92833,1,Groceries,No
38,113476,17,Clothing,Yes
41,23203,8,Beauty,No
55,59267,12,Beauty,Yes
21,57941,6,Electronics,Yes
41,102809,9,Electronics,Yes
52,45368,8,Beauty,Maybe
20,97186,14,Electronics,Yes
21,50984,4,Clothing,Maybe
54,61941,11,Groceries,Yes
57,92918,0,Groceries,No
52,72683,11,Furniture,Yes
48,20801,5,Clothing,No
61,67965,18,Electronics,Yes
42,105269,18,Electronics,Yes
57,29969,15,Furniture,No
30,55969,18,Furniture,Yes
21,102269,2,Electronics,No
63,52449,9,Electronics,Yes
31,111679,17,Clothing,Yes
30,45705,12,Furniture,Maybe
44,80303,17,Clothing,Yes
23,48363,2,Electronics,No
34,50720,2,Beauty,No
53,29972,11,Beauty,No
57,53351,19,Electronics,Yes
52,56145,6,Furniture,Yes
34,107948,7,Beauty,Yes
58,109614,8,Furniture,Yes
19,108116,13,Beauty,Yes
30,76235,4,Furniture,Maybe
19,34855,18,Beauty,Maybe
45,56169,15,Furniture,Yes
60,66404,11,Clothing,Yes
43,39569,3,Furniture,No
39,74437,7,Clothing,Yes
64,68506,6,Clothing,Yes
60,45738,14,Electronics,Maybe
20,26772,5,Clothing,No
52,110410,4,Groceries,Maybe
29,39731,13,Clothing,Maybe
41,30131,12,Furniture,Maybe
22,86324,9,Clothing,Yes
37,74097,17,Furniture,Yes
56,101720,3,Furniture,No
56,116433,7,Groceries,Yes
30,22889,10,Clothing,No
58,29569,16,Clothing,No
62,107193,17,Beauty,Yes
29,95677,10,Beauty,Yes
30,105192,15,Electronics,Yes
27,107154,11,Furniture,Yes
50,97470,12,Groceries,Yes
57,108822,15,Beauty,Yes
33,27612,0,Clothing,No
62,71644,15,Electronics,Yes
52,52069,14,Groceries,Yes
20,101741,5,Clothing,Maybe
22,47331,11,Clothing,Maybe
43,75897,7,Furniture,Yes
28,33934,6,Furniture,Maybe
24,30095,1,Beauty,No
27,111494,11,Beauty,Yes
59,38706,13,Clothing,Maybe
51,63516,15,Clothing,Yes
20,117008,10,Beauty,Yes
25,54629,19,Beauty,Yes
48,66910,8,Clothing,Yes
28,108540,9,Groceries,Yes
62,40431,16,Clothing,Maybe
24,76733,11,Groceries,Yes
62,60088,5,Groceries,Maybe
19,64135,18,Clothing,Yes
23,58015,10,Electronics,Yes
58,51385,8,Beauty,Yes
49,90199,5,Furniture,Maybe
37,58677,15,Clothing,Yes
51,32818,19,Groceries,Maybe
33,108222,15,Clothing,Yes
42,83001,5,Beauty,Maybe
29,43977,4,Groceries,Maybe
24,69832,3,Furniture,No
56,60931,1,Furniture,No
34,103990,5,Furniture,Maybe
62,98894,8,Electronics,Yes
28,92204,16,Groceries,Yes
23,65784,13,Groceries,Yes
40,29921,6,Electronics,No
44,54959,18,Groceries,Yes
63,52328,0,Electronics,No
23,28859,19,Clothing,No
55,109506,14,Beauty,Yes
19,94408,17,Furniture,Yes
39,104766,2,Electronics,No
37,46708,17,Electronics,Maybe
42,38847,1,Electronics,No
32,75989,9,Clothing,Yes
46,112641,10,Electronics,Yes
25,24922,2,Beauty,No
54,89928,6,Beauty,Yes
50,72335,7,Furniture,Yes
39,33541,18,Clothing,Maybe
64,39551,17,Beauty,Maybe
22,39381,12,Groceries,Maybe
56,75673,12,Groceries,Yes
35,42948,18,Groceries,Maybe
55,112264,11,Electronics,Yes
54,79072,16,Electronics,Yes
47,87560,11,Groceries,Yes
48,102249,12,Furniture,Yes
27,22486,11,Furniture,No
32,86691,18,Electronics,Yes
59,30082,13,Groceries,Maybe
61,104105,6,Furniture,Yes
35,27086,12,Electronics,No
40,87853,5,Groceries,Maybe
50,90027,18,Clothing,Yes
33,35916,18,Groceries,Maybe
55,35248,3,Groceries,No
52,88047,18,Beauty,Yes
51,44226,8,Beauty,Maybe
45,45025,15,Clothing,Maybe
19,68380,3,Clothing,No
47,27848,5,Groceries,No
30,34274,7,Furniture,Maybe
58,74545,15,Clothing,Yes
33,116494,4,Groceries,Maybe
22,55233,9,Electronics,Yes
45,36304,12,Beauty,Maybe
56,31294,13,Furniture,Maybe
62,46425,6,Groceries,Maybe
37,88711,19,Electronics,Yes
41,113311,5,Beauty,Maybe
44,29425,6,Electronics,No
47,111549,4,Groceries,Maybe
62,113464,17,Clothing,Yes
44,64990,11,Beauty,Yes
43,93746,5,Electronics,Maybe
24,88295,0,Clothing,No
59,36091,3,Furniture,No
64,20002,18,Groceries,No
55,70411,11,Groceries,Yes
22,60958,14,Beauty,Yes
40,115696,2,Electronics,No
45,40707,19,Furniture,Maybe
51,35248,7,Beauty,Maybe
32,91309,10,Beauty,Yes
49,98322,15,Electronics,Yes
43,71720,8,Furniture,Yes
48,35037,2,Electronics,No
36,87421,4,Groceries,Maybe
26,101867,19,Clothing,Yes
46,60612,13,Groceries,Yes
56,108031,14,Groceries,Yes
21,33450,5,Beauty,Maybe
20,29491,3,Groceries,No
46,94804,7,Furniture,Yes
28,113293,18,Groceries,Yes
50,26791,4,Furniture,No
55,48314,12,Electronics,Maybe
28,71883,15,Beauty,Yes
44,114119,0,Furniture,No
50,107086,12,Groceries,Yes
38,85629,10,Beauty,Yes
56,29967,7,Beauty,No
48,101754,7,Furniture,Yes
55,63220,13,Furniture,Yes
63,94163,12,Clothing,Yes
19,24947,2,Clothing,No
44,59419,3,Beauty,No
53,76131,19,Clothing,Yes
28,108714,14,Groceries,Yes
64,48876,14,Electronics,Maybe
35,108444,12,Beauty,Yes
18,39971,8,Electronics,Maybe
52,82539,9,Clothing,Yes
52,118120,11,Furniture,Yes
48,69228,13,Beauty,Yes
45,94495,0,Clothing,No
56,48261,13,Groceries,Maybe
18,81260,13,Beauty,Yes
42,101371,7,Beauty,Yes
60,104793,15,Furniture,Yes
55,23346,13,Beauty,No
37,116343,0,Furniture,No
20,115954,15,Clothing,Yes
19,76176,17,Groceries,Yes
35,72300,6,Groceries,Yes
61,31340,14,Beauty,Maybe
27,53012,16,Beauty,Yes
22,55393,18,Clothing,Yes
26,95133,12,Furniture,Yes
19,45557,8,Groceries,Maybe
51,84204,14,Furniture,Yes
55,93273,2,Clothing,No
48,37276,0,Groceries,No
27,74639,15,Groceries,Yes
29,27310,7,Electronics,No
53,55167,12,Clothing,Yes
38,104880,7,Clothing,Yes
64,30391,16,Electronics,Maybe
23,70621,13,Furniture,Yes
20,30892,6,Electronics,Maybe
27,96733,14,Clothing,Yes
22,98586,15,Furniture,Yes
63,56142,18,Groceries,Yes
43,65679,5,Electronics,Maybe
38,61615,0,Furniture,No
62,67553,11,Furniture,Yes
43,99071,17,Furniture,Yes
55,61002,15,Electronics,Yes
61,90658,11,Groceries,Yes
43,29852,19,Furniture,No
25,25387,12,Electronics,No
22,117295,7,Clothing,Yes
32,59994,0,Electronics,No
33,53725,6,Electronics,Yes
18,92682,14,Electronics,Yes
33,20560,12,Furniture,No
54,76565,12,Electronics,Yes
20,21312,8,Clothing,No
64,38205,14,Furniture,Maybe
48,31595,3,Clothing,No
30,107566,12,Beauty,Yes
33,41329,11,Electronics,Maybe
60,88187,4,Furniture,Maybe
38,95542,6,Furniture,Yes
19,55645,7,Electronics,Yes
44,107502,4,Groceries,Maybe
55,113382,8,Groceries,Yes
43,107310,13,Clothing,Yes
55,89619,11,Electronics,Yes
63,53513,3,Electronics,No
42,28749,19,Beauty,No
28,50783,7,Groceries,Yes
25,80645,16,Groceries,Yes
25,102861,7,Electronics,Yes
50,73175,0,Clothing,No
24,104216,19,Electronics,Yes
55,82709,1,Clothing,No
38,37323,3,Groceries,No
25,70762,0,Beauty,No
38,108220,6,Furniture,Yes
37,84222,0,Groceries,No
25,54493,8,Clothing,Yes
63,78328,2,Electronics,No
48,32213,11,Groceries,Maybe
46,117367,18,Beauty,Yes
26,66930,14,Clothing,Yes
32,47713,15,Electronics,Maybe
47,92723,9,Furniture,Yes
43,118336,5,Clothing,Maybe
27,52583,16,Electronics,Yes
46,99944,16,Furniture,Yes
33,42369,18,Electronics,Maybe
53,67928,17,Furniture,Yes
37,88950,10,Furniture,Yes
62,39510,6,Furniture,Maybe
54,32120,9,Electronics,Maybe
39,119847,6,Furniture,Yes
24,118575,4,Clothing,Maybe
40,25295,11,Beauty,No
58,40460,15,Beauty,Maybe
57,34963,17,Furniture,Maybe
46,97116,2,Beauty,No
33,107822,19,Beauty,Yes
55,47328,14,Furniture,Maybe
45,104629,4,Furniture,Maybe
55,41605,12,Clothing,Maybe
48,64813,18,Groceries,Yes
31,66371,11,Electronics,Yes
50,67598,4,Furniture,Maybe
26,80776,5,Furniture,Maybe
44,92258,6,Beauty,Yes
41,60969,9,Clothing,Yes
30,56912,15,Beauty,Yes
43,58374,7,Furniture,Yes
46,92302,8,Furniture,Yes
60,82784,3,Beauty,No
45,69882,7,Furniture,Yes
45,35928,6,Groceries,Maybe
25,41274,14,Electronics,Maybe
40,54416,2,Electronics,No
46,106148,16,Electronics,Yes
22,80998,10,Groceries,Yes
59,49047,8,Furniture,Maybe
24,63356,4,Beauty,Maybe
59,57134,9,Clothing,Yes
53,87042,14,Furniture,Yes
58,71310,13,Groceries,Yes
44,100758,3,Groceries,No
63,32363,19,Electronics,Maybe
19,105149,1,Furniture,No
42,64563,11,Electronics,Yes
26,50628,0,Clothing,No
44,89672,19,Electronics,Yes
18,66246,4,Clothing,Maybe
40,31161,5,Groceries,Maybe
27,109110,10,Electronics,Yes
59,112438,7,Electronics,Yes
42,22810,6,Beauty,No
20,79860,3,Groceries,No
23,97199,5,Beauty,Maybe
23,91688,15,Clothing,Yes
19,85548,19,Clothing,Yes
35,82363,14,Groceries,Yes
40,31162,13,Clothing,Maybe
19,107858,11,Groceries,Yes
29,93535,11,Clothing,Yes
39,27219,15,Furniture,No
54,90864,14,Electronics,Yes
37,23621,12,Furniture,No
56,109792,10,Groceries,Yes
41,64433,16,Groceries,Yes
37,96850,14,Furniture,Yes
18,86188,13,Electronics,Yes
18,74951,9,Electronics,Yes
34,101718,11,Beauty,Yes
18,56558,15,Clothing,Yes
62,35659,14,Beauty,Maybe
47,54413,9,Electronics,Yes
58,30435,3,Furniture,No
64,73911,8,Clothing,Yes
20,48067,19,Furniture,Maybe
63,107794,8,Beauty,Yes
28,113823,19,Groceries,Yes
41,89224,10,Furniture,Yes
39,93225,10,Beauty,Yes
61,21379,6,Beauty,No
62,47624,9,Beauty,Maybe
43,111500,3,Groceries,No
30,108427,4,Groceries,Maybe
18,77745,4,Groceries,Maybe
41,71805,10,Clothing,Yes
27,32516,8,Groceries,Maybe
52,99422,15,Groceries,Yes
41,105843,8,Groceries,Yes
45,44843,3,Furniture,No
53,25912,1,Groceries,No
33,41514,13,Clothing,Maybe
57,107359,2,Beauty,No
33,77032,17,Furniture,Yes
34,48797,5,Electronics,Maybe
32,26449,10,Groceries,No
33,21725,17,Beauty,No
32,101406,11,Beauty,Yes
51,29304,4,Furniture,No
28,93058,8,Electronics,Yes
18,33663,19,Clothing,Maybe
32,90320,17,Beauty,Yes
43,95008,18,Beauty,Yes
21,114488,2,Beauty,No
60,95591,8,Beauty,Yes
22,115044,3,Furniture,No
52,32676,16,Electronics,Maybe
30,45192,16,Beauty,Maybe
27,44722,1,Clothing,No
28,27446,8,Clothing,No
35,24725,8,Groceries,No
51,105597,4,Beauty,Maybe
56,108207,14,Beauty,Yes
58,77632,14,Beauty,Yes
59,86945,2,Beauty,No
40,93741,18,Beauty,Yes
24,36365,2,Clothing,No
56,85792,5,Electronics,Maybe
20,84857,3,Electronics,No
29,35704,12,Groceries,Maybe
24,70575,12,Clothing,Yes
43,49902,10,Beauty,Maybe
50,21195,4,Electronics,No
54,73517,0,Furniture,No
32,54012,8,Furniture,Yes
19,31415,16,Furniture,Maybe
58,59534,0,Beauty,No
24,41686,2,Beauty,No
49,97198,14,Groceries,Yes
21,48743,9,Groceries,Maybe
37,52161,7,Groceries,Yes
53,81313,11,Furniture,Yes
49,22402,14,Beauty,No
45,83190,8,Furniture,Yes
30,72551,9,Groceries,Yes
18,33275,19,Beauty,Maybe
52,48182,8,Clothing,Maybe
47,34915,14,Electronics,Maybe
53,20909,0,Electronics,No
42,85908,1,Groceries,No
33,42620,18,Furniture,Maybe
36,54112,13,Clothing,Yes
18,94051,7,Beauty,Yes
22,22431,5,Furniture,No
39,106590,11,Groceries,Yes
41,82175,14,Furniture,Yes
60,52624,13,Groceries,Yes
62,96121,0,Electronics,No
54,81264,10,Electronics,Yes
53,51958,2,Furniture,No
53,21695,18,Clothing,No
21,69932,17,Beauty,Yes
53,119323,19,Groceries,Yes
35,64225,1,Beauty,No
33,21403,6,Electronics,No
58,103346,7,Clothing,Yes
35,94391,18,Clothing,Yes
39,58636,14,Beauty,Yes
19,30839,9,Electronics,Maybe
38,85546,0,Beauty,No
53,67829,5,Furniture,Maybe
61,29230,12,Clothing,No
56,71977,13,Clothing,Yes
64,60232,2,Furniture,No
56,114792,10,Electronics,Yes
46,45651,2,Clothing,No
43,117919,18,Groceries,Yes
38,59963,9,Groceries,Yes
34,75872,14,Electronics,Yes
33,99198,10,Furniture,Yes
48,33739,14,Beauty,Maybe
26,83294,12,Electronics,Yes
48,68356,4,Beauty,Maybe
31,21789,3,Electronics,No
54,39420,12,Groceries,Maybe
19,109297,8,Furniture,Yes
63,57606,16,Groceries,Yes
31,58640,1,Furniture,No
50,64135,4,Beauty,Maybe
52,57067,15,Electronics,Yes
56,78420,6,Clothing,Yes
64,37357,0,Clothing,No
37,59851,11,Furniture,Yes
19,58262,10,Furniture,Yes
58,96853,11,Groceries,Yes
36,78643,18,Clothing,Yes
54,41534,11,Groceries,Maybe
35,111270,11,Beauty,Yes
33,52872,13,Clothing,Yes
21,27689,1,Beauty,No
29,89103,1,Electronics,No
46,106268,3,Groceries,No
24,106310,19,Furniture,Yes
31,108731,15,Clothing,Yes
29,57412,9,Groceries,Yes
52,67734,12,Furniture,Yes
22,107793,1,Electronics,No
34,89930,2,Clothing,No
59,42228,18,Beauty,Maybe
49,97924,5,Electronics,Maybe
27,31319,18,Furniture,Maybe
60,26475,19,Clothing,No
34,117091,18,Clothing,Yes
22,103694,7,Electronics,Yes
62,34728,13,Clothing,Maybe
59,49545,9,Furniture,Maybe
26,116636,2,Electronics,No
50,101686,5,Beauty,Maybe
53,118750,14,Electronics,Yes
53,118412,17,Electronics,Yes
35,81756,13,Beauty,Yes
26,88775,18,Furniture,Yes
46,58699,9,Groceries,Yes
31,56821,14,Groceries,Yes
42,50615,3,Beauty,No
32,33746,1,Furniture,No
23,106457,2,Clothing,No
59,42745,6,Beauty,Maybe
46,21245,15,Groceries,No
32,44853,9,Furniture,Maybe
46,47632,18,Electronics,Maybe
21,32856,16,Furniture,Maybe
35,76893,18,Furniture,Yes
61,90641,4,Groceries,Maybe
56,88049,19,Groceries,Yes
33,78182,12,Clothing,Yes
28,22801,12,Clothing,No
31,117881,10,Beauty,Yes
20,99431,10,Electronics,Yes
59,59749,15,Clothing,Yes
55,93757,14,Groceries,Yes
62,75654,16,Furniture,Yes
59,91574,17,Beauty,Yes
35,117567,18,Clothing,Yes
37,75381,3,Furniture,No
42,78601,4,Furniture,Maybe
55,35082,6,Clothing,Maybe
30,34648,1,Electronics,No
21,20364,0,Electronics,No
31,54568,11,Beauty,Yes
50,99646,9,Electronics,Yes
45,91494,7,Beauty,Yes
54,94632,0,Groceries,No
25,27436,11,Clothing,No
61,106713,1,Furniture,No
51,46754,9,Beauty,Maybe
61,80194,16,Electronics,Yes
22,44544,2,Beauty,No
22,80180,6,Beauty,Yes
48,83295,11,Electronics,Yes
62,32638,7,Electronics,Maybe
26,85715,19,Clothing,Yes
59,89409,11,Furniture,Yes
49,103106,2,Clothing,No
50,37157,16,Clothing,Maybe
20,65565,8,Electronics,Yes
47,89996,9,Electronics,Yes
29,85888,5,Furniture,Maybe
46,76095,0,Beauty,No
20,84947,11,Clothing,Yes
43,107122,4,Furniture,Maybe
47,90880,12,Clothing,Yes
26,24507,14,Beauty,No
43,63988,10,Clothing,Yes
19,118421,7,Groceries,Yes
20,36865,4,Furniture,Maybe
63,47213,1,Electronics,No
21,75954,11,Clothing,Yes
42,77450,1,Furniture,No
30,24477,15,Furniture,No
56,82222,2,Clothing,No
61,26533,9,Electronics,No
52,69395,18,Electronics,Yes
40,43396,7,Clothing,Maybe
26,32755,6,Furniture,Maybe
19,20865,0,Electronics,No
58,31173,11,Clothing,Maybe
61,78905,4,Clothing,Maybe
48,58097,15,Clothing,Yes
61,53371,3,Furniture,No
64,31254,16,Electronics,Maybe
19,24018,1,Furniture,No
49,25192,11,Groceries,No
35,22015,0,Electronics,No
30,88916,11,Furniture,Yes
63,48343,11,Electronics,Maybe
22,89306,11,Groceries,Yes
59,25829,18,Beauty,No
61,54381,16,Clothing,Yes
27,101081,19,Furniture,Yes
60,38263,10,Groceries,Maybe
42,73260,12,Groceries,Yes
51,63306,7,Electronics,Yes
54,111211,9,Electronics,Yes
47,78418,7,Clothing,Yes
24,110898,19,Electronics,Yes
23,20148,7,Furniture,No
20,21754,8,Furniture,No
30,46745,6,Furniture,Maybe
20,92914,13,Beauty,Yes
43,75833,1,Furniture,No
41,40140,10,Electronics,Maybe
23,94907,7,Electronics,Yes
60,80653,12,Furniture,Yes
59,112535,14,Groceries,Yes
29,81521,2,Groceries,No
53,98315,13,Groceries,Yes
19,51075,14,Clothing,Yes
28,50697,1,Beauty,No
56,74544,18,Furniture,Yes
51,29795,11,Clothing,No
43,84555,19,Groceries,Yes
35,72204,3,Furniture,No
38,89754,2,Clothing,No
53,84860,4,Electronics,Maybe
57,71529,2,Groceries,No
63,31672,14,Clothing,Maybe
61,74238,18,Electronics,Yes
39,116578,1,Groceries,No
47,55950,11,Beauty,Yes
60,31009,4,Groceries,Maybe
47,67096,16,Beauty,Yes
25,39544,13,Beauty,Maybe
51,75728,9,Beauty,Yes
64,49381,2,Furniture,No
26,45287,3,Furniture,No
37,84610,5,Beauty,Maybe
57,88122,15,Electronics,Yes
42,88184,6,Beauty,Yes
36,60081,14,Clothing,Yes
22,103637,19,Beauty,Yes
28,65312,10,Furniture,Yes
32,107228,0,Furniture,No
25,92943,4,Clothing,Maybe
36,102790,12,Clothing,Yes
40,100770,13,Groceries,Yes
44,72726,8,Electronics,Yes
57,42211,16,Electronics,Maybe
49,49480,14,Electronics,Maybe
43,67780,6,Furniture,Yes
44,77138,11,Electronics,Yes
36,110382,5,Groceries,Maybe
59,62503,15,Groceries,Yes
46,77893,4,Electronics,Maybe
56,66193,8,Clothing,Yes
58,81358,13,Groceries,Yes
50,100857,7,Clothing,Yes
36,98182,13,Furniture,Yes
54,42117,11,Groceries,Maybe
36,79056,9,Clothing,Yes
50,78706,19,Electronics,Yes
64,90429,19,Furniture,Yes
33,29476,12,Beauty,No
40,102806,18,Beauty,Yes
24,75006,14,Electronics,Yes
43,107238,7,Furniture,Yes
49,89918,9,Furniture,Yes
29,83155,2,Furniture,No
25,87321,2,Furniture,No
22,65798,4,Beauty,Maybe
59,97271,15,Clothing,Yes
45,50177,16,Furniture,Yes
22,116248,5,Clothing,Maybe
43,102215,19,Furniture,Yes
22,63013,19,Groceries,Yes
39,102600,15,Groceries,Yes
32,116099,1,Groceries,No
30,73450,19,Furniture,Yes
45,118628,14,Clothing,Yes
50,67928,17,Beauty,Yes
60,112403,0,Electronics,No
40,65382,18,Beauty,Yes
50,119290,11,Furniture,Yes
60,105038,7,Groceries,Yes
35,20760,5,Groceries,No
47,44142,11,Clothing,Maybe
43,37290,6,Furniture,Maybe
33,91035,17,Beauty,Yes
30,20364,13,Furniture,No
56,76921,7,Furniture,Yes
50,39797,19,Groceries,Maybe
43,52535,13,Beauty,Yes
18,66300,4,Electronics,Maybe
55,67176,8,Groceries,Yes
19,36105,7,Beauty,Maybe
23,27939,1,Clothing,No
63,99472,15,Groceries,Yes
55,62029,12,Clothing,Yes
59,35863,6,Groceries,Maybe
41,98097,15,Furniture,Yes
35,30447,6,Beauty,Maybe
44,116160,13,Clothing,Yes
58,66940,13,Groceries,Yes
25,97947,11,Clothing,Yes
45,105001,0,Groceries,No
27,39642,0,Groceries,No
34,116798,11,Electronics,Yes
46,115899,19,Electronics,Yes
23,87643,14,Electronics,Yes
31,27928,3,Clothing,No
39,68002,6,Furniture,Yes
23,104853,15,Groceries,Yes
43,45017,2,Beauty,No
56,99064,6,Electronics,Yes
29,33313,5,Clothing,Maybe
52,21559,15,Clothing,No
31,70893,7,Clothing,Yes
39,35167,5,Beauty,Maybe
40,100879,9,Beauty,Yes
24,58598,15,Electronics,Yes
57,27523,10,Beauty,No
42,69777,12,Electronics,Yes
30,48439,5,Beauty,Maybe
38,101060,0,Beauty,No
58,33285,18,Beauty,Maybe
27,30973,11,Electronics,Maybe
26,42694,5,Groceries,Maybe
32,55774,17,Electronics,Yes
19,24302,12,Groceries,No
42,42391,6,Clothing,Maybe
30,24611,12,Clothing,No
51,29372,7,Electronics,No
51,44312,16,Groceries,Maybe
52,34080,8,Groceries,Maybe
55,100618,19,Groceries,Yes
20,116213,12,Clothing,Yes
59,40874,1,Electronics,No
23,82537,3,Furniture,No
36,93914,1,Groceries,No
20,21597,3,Groceries,No
35,31600,17,Furniture,Maybe
56,23747,4,Electronics,No
26,99415,18,Groceries,Yes
29,98553,9,Electronics,Yes
22,44815,17,Groceries,Maybe
20,104500,9,Beauty,Yes
28,114348,4,Groceries,Maybe
47,44714,16,Beauty,Maybe
21,38890,12,Electronics,Maybe
22,81509,16,Groceries,Yes
18,81824,8,Clothing,Yes
44,24725,11,Clothing,No
45,63205,13,Furniture,Yes
46,40684,13,Clothing,Maybe
35,111861,7,Beauty,Yes
29,77911,4,Clothing,Maybe
30,118078,18,Clothing,Yes
58,33092,13,Clothing,Maybe
19,115918,8,Groceries,Yes
54,59770,6,Furniture,Yes
62,45457,7,Electronics,Maybe
33,91667,13,Furniture,Yes
41,110751,13,Beauty,Yes
52,82894,10,Groceries,Yes
39,81305,13,Groceries,Yes
53,32612,7,Clothing,Maybe
28,98627,2,Clothing,No
63,57089,17,Beauty,Yes
46,115295,2,Groceries,No
52,72137,12,Electronics,Yes
32,20559,11,Furniture,No
48,86249,14,Groceries,Yes
59,57361,17,Electronics,Yes
58,100720,4,Electronics,Maybe
60,35261,6,Furniture,Maybe
33,40372,10,Electronics,Maybe
27,75355,10,Beauty,Yes
49,117676,14,Electronics,Yes
19,118560,9,Beauty,Yes
41,77920,14,Electronics,Yes
40,52544,12,Clothing,Yes
19,20037,13,Electronics,No
55,63032,16,Beauty,Yes
48,98233,12,Electronics,Yes
57,61420,9,Electronics,Yes
43,117243,0,Electronics,No
46,111552,0,Beauty,No
20,54600,14,Electronics,Yes
31,68285,15,Furniture,Yes
42,82008,11,Furniture,Yes
18,109520,5,Beauty,Maybe
20,25167,5,Clothing,No
43,20432,11,Furniture,No
35,89687,14,Groceries,Yes
26,91947,3,Furniture,No
55,116324,3,Groceries,No
40,70903,1,Beauty,No
38,112159,11,Clothing,Yes
18,74149,6,Groceries,Yes
38,107640,19,Groceries,Yes
44,76768,8,Furniture,Yes
59,80184,8,Groceries,Yes
23,85792,7,Beauty,Yes
61,53439,13,Beauty,Yes
53,53257,0,Beauty,No
45,64674,11,Furniture,Yes
62,71248,1,Clothing,No
34,103602,12,Furniture,Yes
57,65371,3,Beauty,No
20,118282,19,Furniture,Yes
29,87996,17,Beauty,Yes
56,57297,18,Electronics,Yes
29,74273,15,Electronics,Yes
19,81256,13,Groceries,Yes
63,54743,7,Clothing,Yes
39,88752,11,Electronics,Yes
40,99803,8,Beauty,Yes
47,95117,5,Furniture,Maybe
22,90051,17,Furniture,Yes
26,42076,1,Groceries,No
38,95312,7,Furniture,Yes
28,107483,13,Electronics,Yes
22,22963,5,Furniture,No
52,92322,9,Electronics,Yes
44,33866,7,Electronics,Maybe
19,52305,16,Clothing,Yes
41,82403,11,Groceries,Yes
48,102896,16,Beauty,Yes
50,52813,12,Electronics,Yes
56,86729,18,Groceries,Yes
47,80686,11,Beauty,Yes
63,24512,15,Furniture,No
54,42666,4,Groceries,Maybe
45,36630,15,Groceries,Maybe
48,94519,5,Groceries,Maybe
28,20636,10,Furniture,No
40,23775,16,Furniture,No
19,87957,13,Groceries,Yes
57,84591,5,Clothing,Maybe
58,98561,10,Electronics,Yes
44,94816,11,Furniture,Yes
52,31351,12,Clothing,Maybe
19,75184,3,Furniture,No
56,115707,6,Groceries,Yes
54,89180,1,Clothing,No
38,101678,5,Beauty,Maybe
22,93309,5,Electronics,Maybe
62,114002,17,Electronics,Yes
38,30778,19,Furniture,Maybe
46,32501,7,Electronics,Maybe
37,22108,7,Beauty,No
55,114905,7,Clothing,Yes
37,56382,7,Clothing,Yes
42,111354,0,Groceries,No
19,95787,1,Clothing,No
49,43341,11,Furniture,Maybe
43,97214,14,Beauty,Yes
23,34367,3,Groceries,No
58,115208,2,Furniture,No
20,89868,13,Furniture,Yes
50,32002,7,Furniture,Maybe
18,105820,12,Electronics,Yes
22,79949,18,Furniture,Yes
30,35700,4,Electronics,Maybe
36,99305,12,Clothing,Yes
29,82543,19,Electronics,Yes
42,49318,0,Furniture,No
52,109859,15,Beauty,Yes
29,47610,1,Beauty,No
47,92499,6,Clothing,Yes
22,93374,5,Furniture,Maybe
51,85226,4,Electronics,Maybe
39,65167,3,Beauty,No
56,97779,1,Groceries,No
30,47939,9,Furniture,Maybe
64,81365,4,Furniture,Maybe
20,87381,17,Groceries,Yes
37,66710,9,Beauty,Yes
48,36766,14,Groceries,Maybe
22,32780,8,Clothing,Maybe
41,68458,10,Electronics,Yes
57,76221,16,Electronics,Yes
50,21509,8,Beauty,No
25,109493,15,Groceries,Yes
41,54346,5,Furniture,Maybe
37,102799,10,Furniture,Yes
33,66874,16,Furniture,Yes
29,46148,3,Clothing,No
30,51533,14,Clothing,Yes
62,98467,0,Furniture,No
59,21359,19,Beauty,No
56,110068,0,Clothing,No
42,80313,8,Clothing,Yes
63,40344,11,Electronics,Maybe
49,89778,3,Electronics,No
41,40601,12,Beauty,Maybe
64,39116,6,Clothing,Maybe
61,76985,7,Clothing,Yes
26,50782,12,Groceries,Yes
57,69819,10,Beauty,Yes
40,104416,8,Beauty,Yes
30,89035,15,Groceries,Yes
49,117123,9,Groceries,Yes
32,64458,10,Electronics,Yes
53,111556,11,Beauty,Yes
22,28080,13,Beauty,No
39,108743,18,Groceries,Yes
33,53957,11,Furniture,Yes
58,33908,17,Furniture,Maybe
27,116188,16,Electronics,Yes
41,115880,2,Furniture,No
35,110570,0,Furniture,No
35,111324,18,Furniture,Yes
24,98287,3,Clothing,No
21,67482,15,Electronics,Yes
43,119329,11,Groceries,Yes
22,118375,12,Furniture,Yes
33,58314,16,Clothing,Yes
52,94921,7,Furniture,Yes
43,103768,12,Clothing,Yes
35,35831,19,Electronics,Maybe
46,40125,4,Furniture,Maybe
40,82451,17,Clothing,Yes
31,65708,14,Beauty,Yes
32,37682,11,Beauty,Maybe
50,102824,16,Clothing,Yes
42,55794,14,Furniture,Yes
38,79372,1,Furniture,No
34,59477,5,Electronics,Maybe
40,73863,16,Electronics,Yes
60,109941,15,Groceries,Yes
34,58737,16,Electronics,Yes
31,22620,19,Furniture,No
46,55057,8,Groceries,Yes
37,60138,4,Electronics,Maybe
47,99390,0,Clothing,No
36,73024,5,Beauty,Maybe
56,29677,13,Electronics,No
30,64111,16,Electronics,Yes
35,44074,18,Clothing,Maybe
40,37824,0,Furniture,No
63,20765,0,Clothing,No
50,65439,12,Electronics,Yes
56,117151,13,Furniture,Yes
57,68926,5,Groceries,Maybe
35,56860,5,Electronics,Maybe
26,32975,0,Clothing,No
50,94877,13,Groceries,Yes
49,113677,2,Beauty,No
34,97870,9,Groceries,Yes
36,101371,18,Clothing,Yes
44,46548,18,Groceries,Maybe
23,110575,18,Clothing,Yes
52,118066,3,Electronics,No
54,58736,19,Furniture,Yes
51,81562,18,Beauty,Yes
37,60409,9,Furniture,Yes
42,104101,1,Furniture,No
21,29834,3,Furniture,No
27,20840,5,Clothing,No
27,99409,6,Clothing,Yes
41,51568,15,Beauty,Yes
38,30846,6,Clothing,Maybe
28,25899,17,Clothing,No
44,106038,19,Clothing,Yes
33,86101,18,Clothing,Yes
43,58773,8,Electronics,Yes
47,94723,19,Beauty,Yes
33,92762,9,Clothing,Yes
24,24311,12,Beauty,No
33,76888,17,Groceries,Yes
52,61616,15,Electronics,Yes
33,72134,16,Clothing,Yes
57,111225,12,Electronics,Yes
29,26083,11,Electronics,No
52,32598,9,Groceries,Maybe
38,102476,0,Beauty,No
60,112416,7,Electronics,Yes
53,22580,17,Furniture,No
34,77395,1,Groceries,No
